tag_id,tag_name
1,रेसिपीज और खान पान
2,फैशन और मेकअप
3,कलाकारी
4,हेल्थ और फिटनेस
5,पेरेंटिंग एवं प्रेगनेंसी केयर
6,"भक्ति,धर्म एवं अध्यात्म"
7,प्रेरक
8,घरेलु नुस्खे
9,लाइफस्टाइल
10,ज्योतिष शास्त्र
11,वेज रेसिपीस
12,नॉन-वेज रेसिपीस
13,एग रेसिपीज
14,स्वीट्स
15,आइस-क्रीम्स एवं शेक्स
16,नाश्ते की रेसिपीज
17,कॉन्टिनेंटल
18,स्नैक्स
19,साउथ इंडियन
20,नार्थ इंडियन
21,चाइनीस
22,हेयर स्टाइलिंग
23,मेकअप
24,ट्रेंडिंग फैशन
25,स्किन ग्लो टिप्स
26,होम-मेड ब्यूटी प्रोडक्ट्स
27,इंडियन वियर
28,वेस्टर्न वियर
29,एक्सेसरीज एवं ज्वेलरी
30,हैल्थी डाइट
31,योगा / एक्सरसाइज
32,वजन घटाने के टिप्स
33,अंडाशय से जुडी बीमारियां
34,वजन बढ़ाने के टिप्स
35,सर्दी-जुखाम-ख़ासी
36,थाइरोइड प्रॉब्लम
37,राशिफल
38,कुंडली
39,जीवनियां
40,नैतिक कथाएं
41,सफलता कैसे पाएं
42,प्रेगनेंसी डाइट
43,बेबी केयर
44,बच्चों की परवरिश
45,बच्चों का आहार
46,पीरियड प्रॉब्लम
47,सर दर्द एवं माइग्रेन
48,पेट दर्द और गैस
49,"आंख, नाक और गला"
50,लिवर प्रॉब्लम
51,घर से कीड़े मकोड़े कैसे हटाए
52,किचन टिप्स
53,कविता
54,कथाएं
55,शायरी
56,हैल्थी रेसिपीज
57,बच्चों का खाना
58,बेक्ड रेसिपीज
59,5 मिनट रेसिपीज
60,गुजराती रेसिपीज
61,मराठी रेसिपीज
62,राजस्थानी रेसिपीज
63,पंजाबी रेसिपीज
64,जैन रेसिपीज
65,कुकिंग टिप्स
66,व्रत की रेसिपीज
67,सलाद
68,इटैलियन रेसिपीज
69,मेक्सिकन रेसिपीज
70,क्राफ्ट
71,रंगोली
72,महेंदी
73,चित्रकारी
74,ओरिगेमी
75,सिलाई और बुनाई
76,फैशन डिजाइनिंग
77,मेक फ्रॉम वेस्ट
78,मेकरेम आर्ट
79,घर सजावट
80,क्रोशिया
82,एक्सेसरीज एवं ज्वेलरी
83,"काले,घने और लम्बे बालों के टिप्स"
84,हर्बल ब्यूटी टिप्स
85,नेचुरल ब्यूटी टिप्स
86,ब्राइडल मेकअप
87,पार्टी ड्रेसेस
88,पार्टी मेकअप
89,मेहँदी डिज़ाइन
90,नेल आर्ट
91,साड़ी डिजाइन
92,जोड़ों का दर्द
93,यौन स्वास्थ्य
94,हेयर केयर
95,स्किन केयर
96,आयुर्वेदिक नुस्खे
97,फिटनेस
98,बच्चों का स्वास्थ्य
99,स्तनपान
100,गर्भवस्था के बाद माँ का स्वास्
101,डिलीवरी के बाद की केयर
102,डिलीवरी के पहले केयर
103,महादेव
104,श्रीकृष्ण
105,श्रीराम
106,रामायण
107,महाभारत
108,धार्मिक स्थल
109,आस्था
110,देवी दर्शन
111,भजन और आरती
112,जाप और मंत्र
113,सतगुरु
114,धार्मिक यात्रा
115,वाहेगुरु
116,गणेश जी
117,साई बाबा
118,शनि देव
119,सत्संग
120,गीता ज्ञान
121,योग
122,हनुमान जी
123,करियर / बिजनेस टिप्स
124,मन की शांति कैसे पाएं
125,ब्यूटी टिप्स
126,कुकिंग टिप्स
127,हेल्थ टिप्स
128,घर की सफाई
129,टुटा हुआ सामान ठीक करें
130,कपड़े साफ़ रखने के टिप्स
131,रिश्ते
132,रोचक
133,यात्रा और पर्यटन स्थल
134,वास्तु टिप्स
135,रत्न शास्त्र
136,महूरत और शुभ दिन
137,पूजा विधि
138,हस्त रेखा
139,चाट रेसिपीस
140,डेझर्ट्स
141,केक्स एंड कूकीस
142,सुविचार
143,सेफ्टी टिप्स
144,सकारात्मकता
145,मदुमेह/डायबिटीज
146,नेल आर्ट
147,टीवी एवं फिल्म दुनिया
148,बच्चों के लिए
149,कार्टून्स
150,कहानियां
151,कुछ सीखें
152,पढाई
153,बाल कवितायेँ
154,बॉलीवुड
155,टीवी सीरियल्स
156,नयी ख़बरें
157,गॉसिप
158,मूवी रीवियुस
159,घूमना फिरना
160,नयी खबरे
161,कुछ सीखे
162,भारत के मशहूर शहर
163,दुनिया के मशहूर देश
164,समुन्दर किनारे
165,हिल स्टेशन
166,अंग्रेजी सीखे
167,सिलाई कोर्स
168,ब्यूटीशियन कोर्स
169,महिला अधिकार
170,कायदे कानून
171,नयी खबर
172,नारी सशक्तिकरण
173,रिश्ते
174,सेक्स से जुडी बाते
175,पति पत्नी
176,सास बहु
177,ससुराल
178,मायका
179,बेटी
180,बच्चे
181,शादी
182,यौन स्वास्थ्य
183,गर्भ निरोध
184,सेक्स फ्यान्टसी
185,शारीरिक संबंध जानकारी
186,माँ
187,वायरल
188,मेरी दुनिया
189,मेरा परिवार
190,मेरा फेवरेट
191,मेरा टैलेंट
192,मेरी कला
193,मेरे बारे में
194,मेरी डायरी
195,मेरे विचार
196,पुरानी यादें
197,भाई बेहेन
198,सास बहु
199,देवरानी जेठानी
200,माँ बेटी
201,हसबेंड वाईफ
202,मेरी परी
203,मेरा राजा
204,मेरा लाल
205,मेरी सास
206,मेरे हसबेंड
207,मेरी ननद
208,मेरी बहन
209,मेरी बेटी
210,मेरी माँ
211,मेरे पापा
212,मेरी बहु
213,मेरी देवरानी
214,मेरी जेठानी
215,मेरी पड़ोसी
216,मेरा भाई
217,मेरी भाभी
218,मेरे अपने
219,इश्क़-मौहब्बत और दोस्ती
220,मज़ेदार और Funny
221,शायरी एवं साहित्य
222,त्योंहार
223,मेरा घर
224,मेरे बच्चे
225,WhatsApp पिटारा
226,शुभकामनाएं एवं सुविचार
227,हिंदी टिप्स
228,दीवाली की सजावट
229,ब्राइडल गाऊन
230,गार्डेन आइडिया
231,सारी रेसीपी
232,इंडियन रेसिपीज
233,हिना खान - टीवी एक्ट्रेस
234,जेनिफर विंगेट (माया) - टीवी एक्ट्रेस
235,दिव्यांका त्रिपाठी - टीवी एक्ट्रेस
236,मौनी रॉय - टीवी एक्ट्रेस
237,शिवांगी जोशी - टीवी एक्ट्रेस
238,अदा खान (अहाना खुराना) - टीवी एक्ट्रेस
239,श्रृद्धा आर्य - टीवी एक्ट्रेस
240,गौहर खान - टीवी एक्ट्रेस
241,सनाया ईरानी - टीवी एक्ट्रेस
242,करिश्मा तन्ना - टीवी एक्ट्रेस
243,एरिका फर्नांडेस (प्रेरणा शर्मा) - टीवी एक्ट्रेस
244,शिल्पा शिंदे - टीवी एक्ट्रेस
245,नागिन 3 - टीवी सीरियल
246,ये रिश्ता क्या कहलाता है
247,तारक मेहता का उल्टा चश्मा
248,कुमकुम भाग्य - टीवी सीरियल
249,बालिका वधू - टीवी सीरियल
250,भाभी जी घर पर है - टीवी सीरियल
251,बिग बॉस 12
252,अम्बे माता
253,जय जिनेन्द्र
254,जैन मंदिर
255,हिन्दू मंदिर
256,कड़कड़ाती ठण्ड
257,रजाई में चाय
258,विंटर लुक
259,आज का लंच
260,आज का डिनर
261,आज का लुक
262,मेरी सेल्फी
263,फिल्म अभिनेता
264,फिल्म अभिनेत्री
265,मेकअप लुक
266,सुन्दर मेकअप
267,फोटोग्राफी
268,बेहतरीन फोटो
269,नेचर फोटोग्राफी
270,मेरा बेटा
271,मेरा किचन
272,मेरी आज की रेसिपी
273,मेरी चाय की चुस्की
274,आज की शॉपिंग
275,मेरी शॉल
276,मेरा मेकअप किट
277,मेरी हेअर स्टाइल
278,मेरा स्वेटर
279,मेरी ज्वेलरी
280,मेरी मेहँदी
281,मेरी रंगोली
282,मेरे एरिये का मंदिर
283,मेरे लड्डू गोपाल
284,कविता
285,चुटकुले
286,सास बहु चुटकुले
287,पति पत्नी जोक्स
288,शायरी
289,लव शायरी
290,रिलेनशिप कोट्स
291,रिश्तो के कोट्स
292,इमोशनल कोट्स
293,प्रेरक शायरी
294,प्रेरणादायक कोट्स
295,करवा चौथ का लुक
296,करवा चौथ का चाँद
297,करवा चौथ की थाली
298,हैप्पी दिवाली :)
299,दिवाली की सफाई
300,दीवली की शॉपिंग
301,दिवाली के नए कपडे
302,हैप्पी धनतेरस
303,धनतेरस पे नए बर्तन
304,हैप्पी रूपचौदस
305,भाईदूज का गिफ्ट
306,करवा चौथ की बधाई
307,मेरा किचन
308,मेरे घर का मंदिर
309,मेरे घर का हॉल
310,मेरा गार्डन
311,हमारी गाड़ी
312,मेरा बैडरूम
313,मेरा हीरो बेटा
314,मेरी बेटी मेरी पारी
315,मेरे बच्चे का जन्मदिन
316,मेरे बच्चे की नई ड्रेस
317,मेरे बच्चे की कलाकारी
318,मेरा घर
319,मेरा किटी ग्रुप
320,मेरा बचपन
321,मै जब दुल्हन बनी
322,मेरी उपलब्धिया
323,मेरी सहेली
324,मेरी पड़ोसी
325,WhatsApp वीडियो
326,WhatsApp सांग्स
327,WhatsApp स्टेटस
328,WhatsApp शायरी
329,दुल्हन स्टेटस
330,माँ स्टेटस
331,Good morning
332,Good night
333,Happy new year
334,Happy Diwali
335,शुभ रात्रि
336,जन्मदिन
337,सुविचार
338,Happy Anniversary
339,Happy birthday
340,शुभ संध्या
341,रोमांटिक
342,लव कोट्स
343,पति पत्नी
344,गर्ल्स गैंग
345,किटी पार्टी
346,वुमनिया चैलेंज
347,करवा चौथ चैलेंज
348,खूबसूरत
